district,county,subcounty,parish,village,total_links,total_km,paved_km,unpaved_km,good_km,fair_km,poor_km,avg_speed_kmh
MITYANA,CENTRAL COUNTY,CENTRAL SUBCOUNTY,CENTRAL PARISH,CENTRAL VILLAGE,252,927.01,0.0,927.01,15.84,592.36,318.81,21.6
MARACHA,CENTRAL COUNTY,CENTRAL SUBCOUNTY,CENTRAL PARISH,CENTRAL VILLAGE,126,580.82,0.0,580.82,0.0,124.47,456.35,15.2
MASINDI,,MUTUNDA,DIIMA,BUDONGO F.R,100,2012.54,124.47,1888.07,867.23,1096.56,48.75,29.9
MOYO,CENTRAL COUNTY,GIMARA,LIWA,CENTRAL VILLAGE,177,705.19,220.8,484.39,0.0,277.51,427.68,19.1
MOROTO,CENTRAL COUNTY,NGOLERIET,LOKORETO,CENTRAL VILLAGE,102,509.69,109.91,399.78,41.88,306.2,161.6,26.6
MITOOMA,CENTRAL COUNTY,CENTRAL SUBCOUNTY,CENTRAL PARISH,CENTRAL VILLAGE,90,601.75,22.46,579.29,57.73,512.4,31.63,26.7
MBARARA,,NGARAMA,KYABISHAHO,KAHOMA,295,919.04,0.0,919.04,0.0,286.18,632.86,16.1
MAYUGE,,IMMANYIRO,LWANIKA,BUBAMBWE,369,1426.97,33.59,1393.38,19.53,1133.96,273.47,23.7
MANAFWA,CENTRAL COUNTY,CENTRAL SUBCOUNTY,CENTRAL PARISH,CENTRAL VILLAGE,186,675.62,126.02,549.6,5.79,114.35,555.49,15.1
BUDUDA,CENTRAL COUNTY,CENTRAL SUBCOUNTY,CENTRAL PARISH,CENTRAL VILLAGE,141,363.12,21.85,341.27,0.0,0.0,363.12,8.6
BUYENDE,CENTRAL COUNTY,CENTRAL SUBCOUNTY,CENTRAL PARISH,CENTRAL VILLAGE,288,1123.89,245.24,878.66,12.68,810.42,300.79,22.8
BUVUMA,CENTRAL COUNTY,CENTRAL SUBCOUNTY,CENTRAL PARISH,CENTRAL VILLAGE,84,337.13,0.0,337.13,7.3,207.89,121.94,22.1
BUTAMBALA,BUTAMBALA,CENTRAL SUBCOUNTY,CENTRAL PARISH,FOREST RESERVE,234,719.09,0.0,719.09,44.94,540.33,133.82,24.1
BUTALEJA,CENTRAL COUNTY,CENTRAL SUBCOUNTY,CENTRAL PARISH,CENTRAL VILLAGE,162,644.26,18.09,626.17,0.0,562.38,81.88,22.7
BUND1BUGYO,CENTRAL COUNTY,CENTRAL SUBCOUNTY,CENTRAL PARISH,CENTRAL VILLAGE,129,383.35,0.0,383.35,0.0,49.8,333.55,14.6
BULIISA,,CENTRAL SUBCOUNTY,CENTRAL PARISH,KITYANGA,180,668.01,425.25,242.77,72.66,489.55,105.8,25.0
BULAMBULI,CENTRAL COUNTY,CENTRAL SUBCOUNTY,CENTRAL PARISH,CENTRAL VILLAGE,147,442.4,26.38,416.01,18.0,44.79,379.61,16.9
BUKWO,CENTRAL COUNTY,CENTRAL SUBCOUNTY,CENTRAL PARISH,CENTRAL VILLAGE,99,416.29,0.0,416.29,0.0,42.69,373.6,14.2
BUKOMANSIMBI,CENTRAL COUNTY,CENTRAL SUBCOUNTY,CENTRAL PARISH,CENTRAL VILLAGE,189,834.57,117.08,717.49,40.41,794.16,0.0,28.1
BUKEDEA,BUKEDEA,CENTRAL SUBCOUNTY,CENTRAL PARISH,OKULA,156,967.45,409.94,557.51,766.33,196.13,5.0,35.9
BUIKWE,BUIKWE,CENTRAL SUBCOUNTY,CENTRAL PARISH,NANSO A,219,868.12,0.0,868.12,10.54,316.66,540.92,49.8
BUHWEJU,,CENTRAL SUBCOUNTY,CENTRAL PARISH,RUKONDO,198,744.95,32.41,712.54,0.0,158.43,586.52,16.5
BUDAKA,BUDAKA,CENTRAL SUBCOUNTY,CENTRAL PARISH,LUKONGE B,261,799.37,185.98,613.39,0.0,508.39,290.98,20.8
ABIM,LABWOR,CENTRAL SUBCOUNTY,CENTRAL PARISH,RACKOKO CENTRAL,147,561.97,89.88,472.09,88.59,323.48,149.9,24.7
ADJUMANI,CENTRAL COUNTY,CIFORO,GULINYA,CENTRAL VILLAGE,303,1230.54,789.6,440.94,44.88,844.41,341.25,23.2
AMURIA,CENTRAL COUNTY,CENTRAL SUBCOUNTY,CENTRAL PARISH,CENTRAL VILLAGE,168,478.4,52.97,425.42,229.49,220.42,28.49,33.7
AMUDAT,CENTRAL COUNTY,CENTRAL SUBCOUNTY,CENTRAL PARISH,CENTRAL VILLAGE,132,682.09,50.67,631.42,350.63,232.48,98.98,33.1
AMOLATAR,CENTRAL COUNTY,CENTRAL SUBCOUNTY,CENTRAL PARISH,CENTRAL VILLAGE,165,855.07,178.22,676.85,125.8,691.74,37.53,30.0
ALEBTONG,,CENTRAL SUBCOUNTY,CENTRAL PARISH,OLIRO,246,992.96,307.41,685.54,143.53,606.35,243.08,25.6
AGAGO,CENTRAL COUNTY,CENTRAL SUBCOUNTY,CENTRAL PARISH,CENTRAL VILLAGE,48,162.73,37.4,125.33,58.22,84.87,19.64,27.1
ISINGIRO,CENTRAL COUNTY,CENTRAL SUBCOUNTY,CENTRAL PARISH,CENTRAL VILLAGE,225,1180.49,0.0,1180.49,0.0,702.03,478.46,20.7
UNASSIGNED,CENTRAL COUNTY,CENTRAL SUBCOUNTY,CENTRAL PARISH,CENTRAL VILLAGE,9452,2908.47,0.0,2908.47,0.0,0.0,2908.47,0.0
IBANDA,CENTRAL COUNTY,CENTRAL SUBCOUNTY,CENTRAL PARISH,CENTRAL VILLAGE,171,690.04,487.05,202.99,99.59,560.37,30.09,29.0
GOMBA,GOMBA,CENTRAL SUBCOUNTY,CENTRAL PARISH,SUGEEZI,261,1020.22,0.0,1020.22,199.24,692.23,128.75,27.5
DOKOLO,,CENTRAL SUBCOUNTY,CENTRAL PARISH,ALIT,408,1252.57,941.53,311.03,22.47,921.17,308.93,23.3
KOLE,CENTRAL COUNTY,CENTRAL SUBCOUNTY,CENTRAL PARISH,CENTRAL VILLAGE,105,797.42,275.73,521.7,27.62,680.99,88.82,27.0
KYENJOJO,,BUGAAKI,KASENYI,BULINGO,246,1069.98,560.4,509.58,123.66,899.1,47.22,27.2
KYEGEGWA,CENTRAL COUNTY,CENTRAL SUBCOUNTY,CENTRAL PARISH,CENTRAL VILLAGE,99,777.67,171.69,605.98,113.99,619.43,44.25,28.7
KYANKWANZI,CENTRAL COUNTY,CENTRAL SUBCOUNTY,CENTRAL PARISH,CENTRAL VILLAGE,105,896.81,0.0,896.81,0.0,644.39,252.41,24.0
KWEEN,CENTRAL COUNTY,CENTRAL SUBCOUNTY,CENTRAL PARISH,CENTRAL VILLAGE,75,476.56,0.0,476.56,0.0,119.2,357.35,14.2
KUMI,CENTRAL COUNTY,KACHUMBALA,KABWALIN,CENTRAL VILLAGE,435,1143.88,432.1,711.78,209.09,530.73,404.06,22.0
KOBOKO,CENTRAL COUNTY,CENTRAL SUBCOUNTY,CENTRAL PARISH,CENTRAL VILLAGE,141,626.28,90.54,535.74,76.63,456.57,93.08,25.7
KISORO,CENTRAL COUNTY,BUKIMBIRI,IREMERA,CENTRAL VILLAGE,105,879.36,85.05,794.31,85.05,628.19,166.12,27.6
KIRYANDONGO,CENTRAL COUNTY,CENTRAL SUBCOUNTY,CENTRAL PARISH,CENTRAL VILLAGE,156,1087.1,118.71,968.38,111.65,920.2,55.26,28.4
TEXT,CENTRAL COUNTY,CENTRAL SUBCOUNTY,CENTRAL PARISH,CENTRAL VILLAGE,6,5.99,0.0,5.99,5.99,0.0,0.0,999.0
KIRUHURA,,CENTRAL SUBCOUNTY,CENTRAL PARISH,RWAMASASI III,306,1316.01,946.57,369.44,249.92,875.22,190.87,27.3
KIBUKU,KIBUKU,CENTRAL SUBCOUNTY,CENTRAL PARISH,KOMODO,99,356.44,76.68,279.75,0.0,87.57,268.86,15.4
KIBAALE,CENTRAL COUNTY,KASAMBYA,KYEBANDO,CENTRAL VILLAGE,216,1865.65,0.0,1865.65,53.33,1643.25,169.07,24.9
KAPCHORWA,CENTRAL COUNTY,KAPTANYA,NGANGATA,CENTRAL VILLAGE,93,402.02,13.29,388.73,0.0,35.72,366.31,15.7
KAMWENGE,,KAHUNGE,KYAKANYEMERA,MPANGA,273,1102.24,0.0,1102.24,1.74,887.95,212.54,23.1
KALUNGU,CENTRAL COUNTY,CENTRAL SUBCOUNTY,CENTRAL PARISH,CENTRAL VILLAGE,219,1234.92,275.97,958.95,706.29,411.11,117.52,31.5
KALANGALA,CENTRAL COUNTY,KYAMUSWA,BUWANGA,CENTRAL VILLAGE,30,96.62,23.79,72.83,16.34,79.55,0.73,26.6
KABERAMAIDO,CENTRAL COUNTY,KALAKI,KALAKI,CENTRAL VILLAGE,261,1059.93,418.82,641.11,92.2,956.33,11.4,29.9
LUWERO,CENTRAL COUNTY,KALAGALA,DDEGEYA,CENTRAL VILLAGE,407,28673.59,2300.29,26373.3,158.62,8832.94,19682.03,23.5
LUWEERO,CENTRAL COUNTY,CENTRAL SUBCOUNTY,CENTRAL PARISH,CENTRAL VILLAGE,78,179.9,99.45,80.45,7.37,66.61,105.91,19.7
LWENGO,,CENTRAL SUBCOUNTY,CENTRAL PARISH,KIKASA,330,1378.81,220.3,1158.51,0.0,1036.63,342.18,22.5
LUUKA,,CENTRAL SUBCOUNTY,CENTRAL PARISH,NSAMBYA,87,499.52,15.42,484.1,30.0,378.15,91.37,24.0
NTUNGAMO,,IHUNGA,BUTANDA,KATABWIGUTA,298,1246.48,197.06,1049.42,40.68,344.07,861.73,17.7
NTOROKO,,CENTRAL SUBCOUNTY,CENTRAL PARISH,MASOJO,54,219.81,14.48,205.33,0.0,129.73,90.08,17.1
NGORA,CENTRAL COUNTY,CENTRAL SUBCOUNTY,CENTRAL PARISH,CENTRAL VILLAGE,159,490.73,178.97,311.76,80.76,362.86,47.1,26.2
NAPAK,CENTRAL COUNTY,CENTRAL SUBCOUNTY,CENTRAL PARISH,CENTRAL VILLAGE,63,383.56,0.0,383.56,175.25,188.21,20.1,32.6
NAMUTUMBA,CENTRAL COUNTY,CENTRAL SUBCOUNTY,CENTRAL PARISH,CENTRAL VILLAGE,228,791.87,0.0,791.87,0.0,488.66,303.21,20.9
NAMAYINGO,CENTRAL COUNTY,CENTRAL SUBCOUNTY,CENTRAL PARISH,CENTRAL VILLAGE,105,442.28,171.62,270.65,14.6,284.74,142.94,21.8
NAKASONGOLA,BURULI,KAKOOGE,KYABUTAYIKA,BATUUSA,318,1476.21,31.9,1444.31,58.08,1164.71,253.42,25.0
NAKASEKE,CENTRAL COUNTY,CENTRAL SUBCOUNTY,CENTRAL PARISH,CENTRAL VILLAGE,255,1153.3,205.98,947.32,101.97,830.16,221.17,24.8
NAKAPIRIPIRIT,CENTRAL COUNTY,KAKOMONGOLE,GRAZING AREA,CENTRAL VILLAGE,141,775.04,46.28,728.76,109.55,547.32,118.17,29.0
OYAM,OYAM,CENTRAL SUBCOUNTY,CENTRAL PARISH,TWOCANIKWERI,228,1682.6,781.52,901.08,175.59,1057.5,449.51,24.3
RUKUNGIRI,CENTRAL COUNTY,NYAKISHENYI,KATONYA,CENTRAL VILLAGE,246,944.72,21.28,923.44,0.0,427.47,517.25,19.7
RUBIRIZI,CENTRAL COUNTY,CENTRAL SUBCOUNTY,CENTRAL PARISH,CENTRAL VILLAGE,234,701.96,28.05,673.91,13.89,122.4,565.66,29.8
RAKAI,CENTRAL COUNTY,LWANKONI,LWANKONI,CENTRAL VILLAGE,272,3607.49,84.02,3523.46,211.75,1484.03,1911.7,25.1
OTUKE,,CENTRAL SUBCOUNTY,CENTRAL PARISH,GOI B,297,1094.44,120.68,973.77,337.84,613.4,143.2,29.2
YUMBE,CENTRAL COUNTY,KURU,LOMUNGA,CENTRAL VILLAGE,153,559.34,183.04,376.3,30.27,422.21,106.86,24.2
ZOMBO,CENTRAL COUNTY,CENTRAL SUBCOUNTY,CENTRAL PARISH,CENTRAL VILLAGE,147,707.84,0.0,707.84,55.96,505.51,146.37,24.4
TORORO,CENTRAL COUNTY,MELLA,MELLA,CENTRAL VILLAGE,365,8285.13,1219.78,7065.35,208.17,4591.38,3485.58,25.0
SOROTI,CENTRAL COUNTY,KATETA,KATETA,CENTRAL VILLAGE,154,4680.0,1073.72,3606.28,897.72,1838.54,1943.73,27.4
SIRONKO,CENTRAL COUNTY,BUSULANI,BUKAMA,CENTRAL VILLAGE,201,612.56,100.54,512.02,0.0,78.64,533.92,16.0
SHEEMA,CENTRAL COUNTY,CENTRAL SUBCOUNTY,CENTRAL PARISH,CENTRAL VILLAGE,249,887.75,407.45,480.31,0.0,202.47,685.29,17.3
SERERE,KASILO,CENTRAL SUBCOUNTY,CENTRAL PARISH,OMOLOTOK,69,293.19,228.02,65.18,15.3,265.36,12.54,26.6
SEMBABULE,CENTRAL COUNTY,SEMBABULE TOWN COUNCIL,PARISH WARD,CENTRAL VILLAGE,348,1804.72,358.66,1446.06,86.43,1689.84,28.44,28.2
MASAKA,BUKOTO,KYANAMUKAAKA,KAMUZINDA,NAMUGAMBIRA,196,4892.4,28.24,4864.16,156.95,2700.29,2035.16,27.3
KAYUNGA,NTENJERU,KANGULUMIRA,NAKATUNDU,BUSANA,351,954.24,169.08,785.15,24.87,827.92,101.44,23.1
KALIRO,CENTRAL COUNTY,CENTRAL SUBCOUNTY,CENTRAL PARISH,CENTRAL VILLAGE,303,1038.72,755.98,282.74,61.33,922.82,54.58,24.9
IGANGA,CENTRAL COUNTY,NAKIGO,BULUBANDI,CENTRAL VILLAGE,168,648.38,135.69,512.69,49.18,440.06,159.14,22.9
LYANTONDE,CENTRAL COUNTY,CENTRAL SUBCOUNTY,CENTRAL PARISH,CENTRAL VILLAGE,210,819.96,487.73,332.23,0.0,684.86,135.1,22.4
KABONG,CENTRAL COUNTY,CENTRAL SUBCOUNTY,CENTRAL PARISH,CENTRAL VILLAGE,234,1223.2,0.0,1223.2,144.01,943.87,135.32,27.6
APAC,KWANIA,MINAKULU,ACENO,ODALOWANG,406,35221.43,15138.6,20082.83,983.09,23929.45,10308.89,30.1
ARUA,TEREGO,OMUGO,DUKU,OBIYA,316,3948.91,24.6,3924.31,0.0,1538.48,2410.44,20.9
BUGIRI,CENTRAL COUNTY,MUTUMBA,LUBIRA,CENTRAL VILLAGE,184,714.36,0.0,714.36,10.02,391.26,313.09,20.5
BUSHENYI,,KABIRA,RWANJA,KITOOMA,174,4496.52,527.48,3969.04,18.8,1126.86,3350.86,16.5
BUSIA,CENTRAL COUNTY,BUHEHE,BULWENGE,CENTRAL VILLAGE,198,2132.58,75.67,2056.91,50.93,504.63,1577.02,23.0
HOIMA,CENTRAL COUNTY,KYABIGAMBIRE,KIBUGUBYA,CENTRAL VILLAGE,288,4906.46,47.28,4859.18,0.0,1448.83,3457.63,20.0
JINJA,,BUSEDDE,BUGOBYA,NYANZA,112,4598.23,0.0,4598.23,66.82,1182.93,3348.48,27.3
KABALE,,BUBARE,NYAMIYAGA,HAMUTORA,318,9670.49,411.72,9258.77,23.14,2535.58,7111.77,21.4
KANUNGU,CENTRAL COUNTY,NYAMIRAMA,KIGARAMA,CENTRAL VILLAGE,146,2179.78,94.12,2085.67,19.14,1229.21,931.44,20.3
KABAROLE,CENTRAL COUNTY,RWIIMI,KADINDIMO,CENTRAL VILLAGE,148,4085.6,0.0,4085.6,10.12,680.56,3394.92,20.7
KAMPALA,KAMPALA CITY,MAKINDYE DIVISION,NSAMBYA HOUSING ESTATE,GO DOWN II ZONE,132,5738.64,3709.89,2028.74,0.0,0.0,5738.64,0.0
KAMULI,,NAMUGONGO,KALIRO RURAL,BUDHUBIRWA,212,5111.68,1068.1,4043.59,78.32,1624.52,3408.84,25.6
414,CENTRAL COUNTY,CENTRAL SUBCOUNTY,CENTRAL PARISH,CENTRAL VILLAGE,2,7.07,0.0,7.07,0.0,7.07,0.0,28.3
KASESE,,NYAKIYUMBU,MUHINDI,KASOJO,220,5323.51,1984.06,3339.45,20.9,189.95,5112.67,15.1
KATAKWI,CENTRAL COUNTY,TOROMA,APUTON,CENTRAL VILLAGE,228,14176.05,0.0,14176.05,26.94,7567.37,6581.74,25.8
KIBOGA,CENTRAL COUNTY,KIBOGA TC,KIBOGA TOWN WARD,CENTRAL VILLAGE,194,2416.66,40.99,2375.67,258.13,856.86,1301.66,29.7
KOTIDO,,LOLELIA,LOTETELEIT,NADOME,50,208.05,38.97,169.09,0.0,184.44,23.62,26.5
LIRA,,DOKOLO,AWIRI,BAR-OPIO,198,4690.52,3422.08,1268.43,570.99,3581.66,537.86,38.6
MBALE,CENTRAL COUNTY,BUBIITA,NAMASHETI,CENTRAL VILLAGE,146,3468.2,0.0,3468.2,2.82,1366.12,2099.26,19.6
MPIGI,MAWOKOTA,KYEGONZA,SAALI,LWANGA,172,7219.34,792.86,6426.48,884.67,4519.78,1814.89,33.8
MUBENDE,BUWEKULA,BULERA,LUSANJA,KYANYINA,310,4878.39,18.7,4859.69,60.0,919.87,3898.52,21.4
MUKONO,MUKONO,MUKONO TC,NTAAWO WARD,BULE,392,12066.03,1978.76,10087.27,1.92,3591.52,8472.59,21.3
NEBBI,CENTRAL COUNTY,PAIDHA,PAKADHA,CENTRAL VILLAGE,176,752.84,30.36,722.48,9.56,454.26,289.01,21.0
PALLISA,CENTRAL COUNTY,BUSETA,KASASIRA,CENTRAL VILLAGE,180,703.82,0.0,703.82,297.36,400.11,6.35,34.4
WAKISO,,KATABI,NKUMBA,KIREKA D,376,18702.03,1664.05,17037.98,213.5,11921.7,6566.83,25.3
